"","source","ga:visits"
"122","google",44278
"1","(direct)",28541
"45","bing",2454
"453","yahoo",2222
"138","hall-woodhouse",1213
"125","google",1002
"186","lulworthonline",794
"390","tripadvisor",531
"107","facebook",482
"424","visitbath",339
"28","ask",313
"191","m.facebook",291
"286","search.bt",283
"137","guardian",278
"26","arundel.org.uk",268
"25","aol",244
"383","toptable",240
"30","avg",209
"254","plus.url.google",188
"208","maps.google",173
"219","milfordonsea.org",146
"195","m.toptable",143
"46","bing",137
"71","dayoutwiththekids",102
"313","shastonarms",94
"298","search.sky",91
"64","conduit",90
"296","search.mywebsearch",75
"324","southlytchettmanor",71
"284","search-results",70
"351","talktalk",69
"314","shipandshovell",63
"154","innforanight",61
"345","sussexpub",61
"31","babylon",59
"319","smugglersinnosmingtonmills",58
"328","squaremeal",55
"425","visitbrighton",55
"155","isleofwight",51
"423","visit-hampshire",51
"37","bathrestaurants",48
"189","m.dayoutwiththekids",48
"426","visitmilfordonsea",48
"135","gourmetsociety",46
"74","delta-search",43
"231","netmums",43
"402","uk-mg42.mail.yahoo",43
"81","doggiepubs.org.uk",42
"320","socialwebsites",42
"297","search.orange",40
"452","www3.hants.gov.uk",40
"391","tripadvisor",37
"428","warehamdorset",37
"306","search2.virginmedia",33
"145","hitched",32
"185","lulworth-coveinn",31
"192","m.guardian",31
"340","ststephenstavern",31
"367","thelotusforums",31
"449","www1.delta-search",31
"55","britainsfinest",28
"144","hiphotels",28
"44","bindonbottom",27
"349","t.co",27
"242","oldnickholborn",26
"456","yell",26
"18","advancedsearch2.virginmedia",24
"400","uk-mg-bt.mail.yahoo",22
"65","coolplaces",21
"458","yelp",21
"380","thingstodoinbath.org.uk",20
"17","advanced-driving",19
"193","m.squaremeal",19
"301","search.snapdo",18
"108","faithfanzine",17
"217","milfordonsea",17
"247","peasepottage.info",17
"48","blatchat",16
"283","search-goal",16
"332","start.mysearchdial",16
"382","topsham.org.uk",16
"431","webaddresshelp.bt",16
"451","www2.inbox",16
"111","foodanddrinkguides",15
"126","google",15
"403","uk.foxstart",15
"84","dorsetcoastalcottages",14
"270","r.duckduckgo",14
"406","uk.mg.bt.mail.yahoo",14
"50","blog.naver",13
"417","urlm",13
"60","childfriendly",12
"218","milfordonsea.mhsoftware",12
"363","theguardian",12
"378","theruffguide",12
"41","bedandbreakfast-directory",11
"170","ladieswholunch-in-hampshire",11
"225","mumsintheknow",11
"259","pooleharbourguide",11
"353","telegraph",11
"457","yelp",11
"198","mafengwo.cn",10
"303","search.sweetim",10
"36","bathpubs",9
"150","inapub",9
"309","searchmobileonline",9
"21","amazon",8
"39","bathshopping",8
"229","mysearchresults",8
"261","primelocation",8
"267","pubsinsalisbury",8
"414","ukwed",8
"419","us-mg6.mail.yahoo",8
"54","brighton-eating",7
"57","campbestival.net",7
"317","simonseeks",7
"360","theblackrabbitarundel",7
"440","wherethefuckshouldigofordrinks",7
"82","dogpile",6
"93","eatingout-guide",6
"207","maps.google",6
"216","milfordonsea.blogspot",6
"265","pub-explorer",6
"326","southwestregion",6
"450","www2.delta-search",6
"460","zoopla",6
"78","djcc.co",5
"110","flickr",5
"146","holasearch",5
"167","koobraey",5
"177","littlebrookcottage",5
"182","londondogforum",5
"227","mybroadband.three",5
"256","poczta.onet.pl",5
"257","poczta.wp.pl",5
"348","t-mobile-favourites",5
"354","tesco.net",5
"356","theaa",5
"371","thenewforesthotels",5
"429","weacceptpets",5
"446","withthisring",5
"448","worldsendpatching",5
"32","barchick",4
"35","bathconference",4
"69","dailyecho",4
"77","discoberkshire",4
"100","encounterwalkingholidays",4
"101","error.talktalk",4
"133","google.nl",4
"141","hardens",4
"151","incredimail",4
"164","jollysailoroldbursledon",4
"238","notify.bluecoat",4
"248","perfectpint",4
"253","plus.google",4
"280","safesearch.net",4
"285","search.alot",4
"290","search.genieo",4
"304","search.tb.ask",4
"321","soft-play-reviews",4
"323","southdevoncamra",4
"336","stayinapub",4
"343","suia-p.ms1.mcore",4
"376","thepreismans",4
"439","wheatsheaflowerwoodford",4
"443","wightlife",4
"8","192.168.1.226:15871",3
"10","280normanhouse",3
"76","dinner-deals",3
"86","dorsetlife",3
"88","dorsetseasideholidays",3
"89","duckduckgo",3
"103","everyclick",3
"131","google.iq",3
"139","hall-woodhousebath",3
"166","kayak",3
"174","link.orangeworld",3
"176","linkedin",3
"211","meetup",3
"224","mobile.pistonheads",3
"230","myweb.tiscali",3
"233","newforestwedding",3
"246","peacockfarm",3
"249","pinterest",3
"262","probus-gillingham-dorset.org.uk",3
"276","reisefrage.net",3
"289","search.fbdownloader",3
"331","start.iminent",3
"346","swagbucks",3
"364","thehalfwayinnwareham",3
"369","theness",3
"389","tripadvisor.ca",3
"404","uk.m.yahoo",3
"407","uk.mg40.mail.yahoo",3
"413","ukgser",3
"418","us-mg205.mail.yahoo",3
"3","10.203.59.42:15871",2
"14","aboutbloodytime.info",2
"16","admin.rsdhq",2
"19","agentsmart",2
"23","anchorpyrford",2
"24","anywhere.me",2
"33","basingstokemotorclub.weebly",2
"34","bath-eating",2
"38","bathrugby",2
"40","beachhousemilfordonsea",2
"53","bosgc",2
"56","britishcoastalhotels",2
"58","cargocollective",2
"62","clio197.net",2
"68","crownhotelblandford",2
"70","dave-and-jane.gettingmarried",2
"83","dogpile",2
"97","email10.orange",2
"98","empressofblandings",2
"112","fordfarmhouse",2
"118","gardenersarmsardingly",2
"119","genesis-sf.org.uk",2
"127","google.au",2
"130","google.ie",2
"136","groups.tr-register",2
"140","hall-woodhouseportishead",2
"142","hawthorns-bandb",2
"148","images.google",2
"149","imai1-uk.diif.r.mil.uk",2
"160","jackandgem010613.gettingmarried",2
"161","jekyllhydeturgisgreen",2
"162","jellycake",2
"163","jenography.net",2
"171","lavasoft.blekko",2
"172","lighterinn",2
"173","link.azet.sk",2
"175","link.tapatalk",2
"183","londonupclose",2
"190","m.doggiepubs.org.uk",2
"196","m.yahoo",2
"197","m.yelp",2
"200","mail.excite",2
"204","malaoumochila.blogspot",2
"212","members.virtualtourist",2
"223","moatwrotham",2
"232","new.leadforensics",2
"239","nz.mg261.mail.yahoo",2
"240","o2",2
"264","protectedsearch",2
"266","pubsgalore",2
"268","pubsinweymouth",2
"272","rammellphotography",2
"274","redir.netcentrum.cz",2
"275","redirect.foursquare",2
"294","search.incredibar",2
"307","searchfunmoods",2
"310","searchstarburnsoftware",2
"311","service.thecloud.net",2
"330","start.funmoods",2
"335","static.flipora",2
"339","stpetersfinger",2
"342","sueandsi.gettingmarried",2
"350","talismanparkgate",2
"362","thegrasshopperparkstone",2
"366","thehornbrook",2
"372","theoldgranarywareham",2
"374","theolivebranchwimborne",2
"375","thepigguide",2
"381","tim.rookley.net",2
"386","translate.google.de",2
"392","tripadvisor.de",2
"393","tripadvisor.fr",2
"395","tripadvisor.it",2
"401","uk-mg41.mail.yahoo",2
"405","uk.mc878.mail.yahoo",2
"411","uk.wow",2
"415","ultrarunningltd",2
"416","uptonglen",2
"432","weblogin1.webroot",2
"433","webmail.names",2
"434","weburlopener",2
"435","wellingtonstratfieldturgis",2
"444","wightlocations",2
"447","worldsendalmer",2
"454","yandex",2
"2","10.190.26.181:15871",1
"4","118eat",1
"5","159.253.208.7",1
"6","163.160.107.178:15871",1
"7","172.27.72.27",1
"9","192.168.226.78:15871",1
"11","4loot",1
"12","87.248.112.8",1
"13","8oar",1
"15","acorn-inn",1
"20","amazon.ca",1
"22","amazon",1
"27","arundelgal.blogspot",1
"29","ask",1
"42","bikersoracle",1
"43","bindiribli.ro",1
"47","blackswanpeasepottage",1
"49","blog.laterooms",1
"51","blogs.yahoo.co.jp",1
"52","boho-weddings",1
"59","ccc.bmwgroup.net",1
"61","claro-search",1
"63","comcast",1
"66","covehouse.net",1
"67","cpw.mail.aol",1
"72","de.mg42.mail.yahoo",1
"73","de.visitbath",1
"75","destinationsouthampton",1
"79","dogfriendly",1
"80","dogfriendlytogether",1
"85","dorsetinns",1
"87","dorsetscrapstore.easysearch.org.uk",1
"90","e-booking",1
"91","eagleeyedbride",1
"92","eastwreybarton",1
"94","ecosia.org",1
"95","edition.pagesuite-professional",1
"96","elvethamheath.org.uk",1
"99","en.wikipedia.org",1
"102","es-mg42.mail.yahoo",1
"104","exeter-ivc.org.uk",1
"105","exetermorris",1
"106","explorethesouthwestcoastpath",1
"109","fastbrowsersearch",1
"113","fossewaysch.easysearch.org.uk",1
"114","fr-mg42.mail.yahoo",1
"115","fr.visitbrighton",1
"116","fsmail02.orange",1
"117","furryfeet.tv",1
"120","gilesdarling.me.uk",1
"121","gogobot",1
"123","google.ca",1
"124","google.co.nz",1
"128","google.es",1
"129","google.gr",1
"132","google.it",1
"134","gosur",1
"143","hcptgrp154.easysearch.org.uk",1
"147","horleylocal",1
"152","independent",1
"153","info",1
"156","issuu",1
"157","it.visitbrighton",1
"158","itbear",1
"159","izito",1
"165","k9safesearch",1
"168","kvasir",1
"169","lacartes",1
"178","local.smartshopping",1
"179","localhost",1
"180","localstore",1
"181","logmog",1
"184","longfieldhillhead",1
"187","m.192",1
"188","m.blogs.yahoo.co.jp",1
"194","m.thisisdorset",1
"199","mail.amazinganimalencounters",1
"201","mail.ntlworld",1
"202","mail2web",1
"203","makemineabeer",1
"205","mamma",1
"206","manonabeach",1
"209","maps.google.it",1
"210","markandmichelletietheknot",1
"213","mercatorlodge",1
"214","meyergallery",1
"215","micahmobileministries.easysearch.org.uk",1
"220","mintytrips",1
"221","mintytrips.cz",1
"222","mixidj.delta-search",1
"226","mumsnet",1
"228","myemail.constantcontact",1
"234","newmilton.brief8",1
"235","no.tripadvisor",1
"236","northhantsmum.wordpress",1
"237","notfortourists",1
"241","oldinnwidbeinthemoor",1
"243","osborneviewhillhead",1
"244","page-accueil.net",1
"245","peach-report",1
"250","pistonheads",1
"251","pitchero",1
"252","pl.tripadvisor",1
"255","plusnetwork",1
"258","poczta10.o2.pl",1
"260","portsmoutharmshatchwarren",1
"263","property-mastermind",1
"269","queenscollegearms",1
"271","radfordvilla",1
"273","rdsa.org.uk",1
"277","rugbygroundguide",1
"278","rumjungle",1
"279","s2.excoboard",1
"281","sailfunk",1
"282","salisburycamra.org.uk",1
"287","search.buzzdock",1
"288","search.chatzum",1
"291","search.globososo",1
"292","search.hao123.eg",1
"293","search.iminent",1
"295","search.installmac",1
"299","search.smt.do.ne.jp",1
"300","search.snap.do",1
"302","search.swagbucks",1
"305","search.zonealarm",1
"308","searchgol",1
"312","seznam",1
"315","shirelrc",1
"316","silvercars",1
"318","sites-guide",1
"322","sogou",1
"325","southwestholidays",1
"327","spottedrose",1
"329","standard",1
"333","startpins",1
"334","startsiden",1
"337","stepbystep",1
"338","stewartmechem",1
"341","suche.web.de",1
"344","superstart.se",1
"347","swannewbury",1
"352","teashopsswcoastpath.wordpress",1
"355","testgolfclub",1
"357","theafterword",1
"358","thebarnowl",1
"359","theblackhorseiverheath",1
"361","thefoodplace",1
"365","thehangletonmanor",1
"368","themobilefoodguide",1
"370","thenewforest",1
"373","theoldmillbereregis",1
"377","therisingsunwimborne",1
"379","thewarehambears",1
"384","totallyssl.net",1
"385","touristnetuk",1
"387","translate.google.hu",1
"388","translate.google.nl",1
"394","tripadvisor.ie",1
"396","tripadvisor.jp",1
"397","tubemap",1
"398","tvr-car-club",1
"399","twincottage",1
"408","uk.mg42.mail.yahoo",1
"409","uk.pageset",1
"410","uk.search.yahoo",1
"412","ukcountryhotels",1
"420","valbonnenews.me",1
"421","venuefinder",1
"422","virtualvisitorsouthampton",1
"427","wanderlust",1
"430","web.mailcast.net",1
"436","welltraveledcouple",1
"437","westlulworth-pc.org.uk",1
"438","weydays",1
"441","wherethefuckshouldigotoeat",1
"442","wightislandescapes",1
"445","wightnet2000.iow.gov.uk",1
"455","ybw",1
"459","yelp.it",1
