"","category","events"
"17","Main Menu",18635
"16","Dining Menu",4296
"29","Wine & Drinks Menu",948
"31","Pub walk",948
"24","Sharing Menu",930
"25","Summer Menu",842
"18","On Bread Lunch Menu",596
"33","Service - Room Rates",376
"27","Sunday Roast Menu",291
"35","page",240
"19","Pantry Menu",234
"9","Join our team",233
"21","Pudding Menu",230
"34","Service - Weddings",199
"30","Wine Menu",188
"11","Childrens Menu",187
"13","Christmas Celebration Menu",186
"10","Breakfast Menu",147
"22","Puddings Menu",127
"26","Sunday Roast",111
"32","Service - Divisional Charity",90
"12","Christmas Celebration Booking Form",89
"20","Pre Theatre Menu",88
"23","Set Menu",88
"1","Event - Badger Beer Hampers",28
"2","Event - Badger on a Bike",4
"3","Event - Bursledon Regatta",3
"4","Event - Countryside Setts",3
"5","Event - Quiz Night",3
"7","Event - St Stephen's Tavern Featured on the BBC",3
"14","Christmas Celebration Menus",3
"15","Christmas Party Menu",2
"6","Event - Ship & Shovell Features on Countdown",1
"8","Event - Wareham Wednesdays: Hawaiian Raft Race",1
"28","Weekly Specials",1
